tpep_pickup_datetime,tpep_dropoff_datetime,passenger_count,trip_distance,fare_amount
2022-01-03 16:33:41,2022-01-03 17:25:41,4,0.88,3.32
2022-01-08 09:01:55,2022-01-08 09:35:55,3,0.84,3.02
2022-01-15 11:49:25,2022-01-15 12:06:25,2,2.46,6.58
2022-01-20 09:41:33,2022-01-20 10:00:33,2,0.01,3.27
2022-01-09 06:02:02,2022-01-09 06:35:02,5,2.95,10.9
2022-01-04 14:45:44,2022-01-04 15:20:44,5,3.69,8.58
2022-01-20 06:44:49,2022-01-20 07:33:49,3,0.03,3.84
2022-01-30 16:57:26,2022-01-30 17:55:26,4,1.44,8.68
2022-01-08 14:18:34,2022-01-08 14:50:34,4,1.58,4.96
2022-01-30 20:32:52,2022-01-30 21:20:52,2,2.71,5.69
2022-01-20 18:59:08,2022-01-20 19:31:08,5,2.4,6.52
2022-01-27 20:09:05,2022-01-27 20:52:05,5,0.05,3.22
2022-01-28 10:38:35,2022-01-28 11:28:35,5,0.41,-0.38
2022-01-08 06:41:23,2022-01-08 07:24:23,5,1.1,2.15
2022-01-09 00:01:05,2022-01-09 00:42:05,5,1.37,6.99
2022-01-15 00:06:11,2022-01-15 00:39:11,4,1.05,4.4
2022-01-26 04:17:08,2022-01-26 04:37:08,3,0.92,4.65
2022-01-23 22:17:52,2022-01-23 22:36:52,3,5.26,18.28
2022-01-30 20:22:48,2022-01-30 21:04:48,5,5.33,15.59
2022-01-27 02:51:39,2022-01-27 03:03:39,3,3.01,8.44
2022-01-19 06:39:00,2022-01-19 07:05:00,1,0.93,2.4
2022-01-13 11:03:31,2022-01-13 11:08:31,3,2.75,5.84
2022-01-12 05:27:25,2022-01-12 05:54:25,1,3.72,8.91
2022-01-24 21:59:45,2022-01-24 22:58:45,3,1.55,4.61
2022-01-03 15:35:02,2022-01-03 15:59:02,4,0.63,4.4
2022-01-10 02:56:38,2022-01-10 03:30:38,3,0.1,6.11
2022-01-19 17:53:45,2022-01-19 18:04:45,2,4.48,8.91
2022-01-19 04:34:17,2022-01-19 05:33:17,4,3.85,10.94
2022-01-22 05:31:50,2022-01-22 06:21:50,1,0.46,-0.31
2022-01-19 13:23:40,2022-01-19 13:45:40,5,0.36,3.45
2022-01-08 02:28:59,2022-01-08 03:12:59,1,3.79,10.07
2022-01-15 15:10:13,2022-01-15 16:09:13,3,1.21,0.73
2022-01-21 00:01:15,2022-01-21 00:15:15,3,1.89,5.85
2022-01-30 08:17:06,2022-01-30 08:59:06,1,0.43,4.52
2022-01-05 13:45:54,2022-01-05 14:01:54,5,0.69,3.45
2022-01-14 14:39:34,2022-01-14 15:08:34,1,1.05,3.64
2022-01-18 17:47:04,2022-01-18 18:16:04,2,4.12,13.74
2022-01-07 14:54:05,2022-01-07 15:07:05,4,0.82,4.72
2022-01-30 19:55:17,2022-01-30 20:51:17,3,1.79,8.1
2022-01-10 15:24:46,2022-01-10 15:43:46,5,1.17,3.46
2022-01-01 06:09:13,2022-01-01 06:17:13,3,4.57,11.74
2022-01-13 01:25:21,2022-01-13 01:36:21,5,3.2,6.78
2022-01-03 22:55:11,2022-01-03 23:43:11,5,0.08,2.51
2022-01-02 00:37:15,2022-01-02 01:22:15,1,5.3,14.14
2022-01-13 12:01:17,2022-01-13 12:06:17,5,1.32,5.82
2022-01-16 10:47:11,2022-01-16 11:41:11,2,5.61,10.53
2022-01-06 12:40:49,2022-01-06 13:06:49,5,1.85,5.7
2022-01-10 07:15:53,2022-01-10 07:55:53,1,0.38,6.64
2022-01-14 13:48:28,2022-01-14 14:16:28,1,1.5,4.69
2022-01-20 12:21:55,2022-01-20 12:46:55,1,0.35,6.59
2022-01-19 09:39:02,2022-01-19 10:15:02,5,11.5,22.44
2022-01-28 20:34:41,2022-01-28 21:07:41,1,0.88,1.66
2022-01-22 00:27:35,2022-01-22 01:15:35,3,3.02,8.9
2022-01-07 21:17:55,2022-01-07 21:31:55,4,2.21,4.34
2022-01-16 16:44:05,2022-01-16 17:25:05,5,0.42,5.92
2022-01-08 21:05:34,2022-01-08 21:15:34,1,3.39,9.53
2022-01-30 17:53:45,2022-01-30 18:37:45,2,0.2,4.72
2022-01-04 20:29:11,2022-01-04 21:04:11,2,5.77,14.45
2022-01-27 03:59:46,2022-01-27 04:54:46,2,2.15,6.9
2022-01-01 22:42:29,2022-01-01 23:35:29,2,3.35,8.63
2022-01-05 19:38:11,2022-01-05 20:18:11,3,2.5,6.34
2022-01-12 19:05:25,2022-01-12 19:24:25,4,2.74,8.65
2022-01-11 05:21:06,2022-01-11 06:16:06,3,1.29,4.05
2022-01-15 16:36:30,2022-01-15 16:48:30,1,1.05,3.55
2022-01-19 10:25:15,2022-01-19 10:44:15,3,0.7,3.46
2022-01-25 21:12:00,2022-01-25 21:57:00,2,2.18,9.89
2022-01-15 08:56:22,2022-01-15 09:38:22,5,5.53,13.99
2022-01-25 18:48:19,2022-01-25 19:26:19,1,1.41,5.7
2022-01-07 08:33:42,2022-01-07 09:16:42,5,3.41,8.2
2022-01-30 09:19:12,2022-01-30 09:48:12,3,0.34,4.13
2022-01-10 20:31:56,2022-01-10 21:16:56,1,0.95,2.18
2022-01-10 06:30:48,2022-01-10 07:09:48,3,4.59,10.52
2022-01-21 13:32:15,2022-01-21 14:01:15,4,5.89,18.64
2022-01-26 23:53:05,2022-01-27 00:10:05,4,2.3,9.73
2022-01-15 12:41:14,2022-01-15 12:46:14,5,3.74,7.13
2022-01-01 04:31:55,2022-01-01 05:23:55,5,0.23,-1.39
2022-01-20 04:12:35,2022-01-20 04:23:35,5,1.85,7.34
2022-01-22 22:37:28,2022-01-22 23:03:28,3,2.22,1.38
2022-01-15 05:07:02,2022-01-15 05:20:02,4,9.44,21.46
2022-01-14 08:31:03,2022-01-14 08:52:03,2,4.25,13.73
2022-01-23 03:34:25,2022-01-23 04:19:25,1,0.25,3.05
2022-01-21 03:48:51,2022-01-21 04:01:51,1,0.53,2.1
2022-01-21 10:21:30,2022-01-21 11:07:30,2,1.11,6.24
2022-01-14 03:49:30,2022-01-14 04:09:30,2,3.78,9.83
2022-01-05 05:18:32,2022-01-05 05:58:32,5,1.85,5.85
2022-01-17 07:21:58,2022-01-17 07:32:58,5,3.59,8.41
2022-01-22 11:34:53,2022-01-22 12:30:53,3,0.56,6.04
2022-01-16 23:51:39,2022-01-17 00:31:39,2,0.61,4.56
2022-01-15 11:04:13,2022-01-15 11:19:13,2,0.79,5.74
2022-01-27 07:09:21,2022-01-27 07:36:21,1,4.84,15.61
2022-01-04 00:55:08,2022-01-04 01:11:08,2,0.6,4.65
2022-01-02 10:13:23,2022-01-02 10:21:23,2,0.89,2.71
2022-01-10 08:03:22,2022-01-10 08:18:22,1,3.44,7.19
2022-01-20 11:53:10,2022-01-20 12:47:10,5,3.3,10.87
2022-01-10 06:43:36,2022-01-10 07:06:36,5,4.27,10.81
2022-01-09 14:12:34,2022-01-09 14:57:34,2,2.45,1.76
2022-01-15 03:12:45,2022-01-15 04:04:45,2,2.02,9.98
2022-01-05 07:13:23,2022-01-05 07:30:23,5,0.64,6.14
2022-01-21 09:01:14,2022-01-21 09:22:14,4,1.17,5.92
2022-01-22 03:54:26,2022-01-22 04:07:26,1,6.37,15.26
2022-01-10 08:37:50,2022-01-10 09:34:50,1,2.55,4.69
2022-01-07 06:52:20,2022-01-07 06:58:20,5,4.63,10.6
2022-01-12 08:55:44,2022-01-12 09:51:44,4,1.49,5.75
2022-01-06 11:24:49,2022-01-06 11:58:49,3,3.42,10.22
2022-01-14 00:39:51,2022-01-14 01:33:51,5,0.51,1.72
2022-01-25 12:00:42,2022-01-25 12:27:42,3,1.43,6.27
2022-01-30 13:03:35,2022-01-30 13:28:35,5,0.47,3.26
2022-01-26 21:09:32,2022-01-26 21:49:32,5,0.64,4.56
2022-01-08 03:55:25,2022-01-08 04:26:25,2,0.64,3.09
2022-01-13 17:32:32,2022-01-13 17:53:32,4,2.17,5.24
2022-01-12 14:44:42,2022-01-12 15:17:42,1,1.76,7.12
2022-01-02 23:56:56,2022-01-03 00:08:56,4,0.23,3.77
2022-01-23 20:14:15,2022-01-23 20:47:15,1,4.38,11.98
2022-01-20 18:55:30,2022-01-20 19:16:30,5,3.32,11.07
2022-01-25 16:56:37,2022-01-25 17:03:37,1,1.47,5.17
2022-01-22 00:30:55,2022-01-22 00:57:55,3,1.32,6.55
2022-01-24 12:35:56,2022-01-24 13:05:56,2,2.77,7.17
2022-01-16 13:40:29,2022-01-16 14:20:29,4,1.14,4.65
2022-01-12 23:23:19,2022-01-12 23:36:19,3,0.61,2.24
2022-01-12 01:54:29,2022-01-12 02:05:29,3,2.42,8.21
2022-01-07 15:20:58,2022-01-07 16:04:58,4,0.65,5.81
2022-01-24 22:39:09,2022-01-24 23:10:09,4,1.38,4.34
2022-01-15 21:47:16,2022-01-15 21:56:16,2,8.17,18.95
2022-01-07 08:40:57,2022-01-07 08:50:57,2,1.91,5.83
2022-01-19 19:20:47,2022-01-19 20:10:47,4,6.38,17
2022-01-17 08:31:44,2022-01-17 08:51:44,5,0.57,1.28
2022-01-16 23:14:21,2022-01-16 23:57:21,4,0.84,3.81
2022-01-19 17:42:08,2022-01-19 18:05:08,2,0.66,5.49
2022-01-23 09:35:05,2022-01-23 09:45:05,3,6.49,15.46
2022-01-27 04:07:10,2022-01-27 04:27:10,2,0.79,-1.34
2022-01-24 21:28:10,2022-01-24 21:51:10,1,0.19,3.55
2022-01-24 04:31:32,2022-01-24 04:56:32,1,0.21,5.63
2022-01-10 20:36:09,2022-01-10 20:46:09,4,0.42,5.8
2022-01-11 11:48:54,2022-01-11 12:47:54,1,6.77,17.77
2022-01-08 23:26:50,2022-01-09 00:08:50,2,3.38,9.3
2022-01-08 08:10:40,2022-01-08 08:44:40,5,0.05,3.49
2022-01-15 11:29:15,2022-01-15 12:12:15,3,0.94,6.74
2022-01-05 10:12:06,2022-01-05 10:35:06,5,1.11,5.7
2022-01-15 09:35:10,2022-01-15 10:30:10,3,0.74,5.52
2022-01-06 19:50:39,2022-01-06 20:07:39,3,0.43,3.77
2022-01-15 22:57:46,2022-01-15 23:32:46,1,5.67,11.59
2022-01-15 01:19:21,2022-01-15 01:27:21,3,1.79,7.51
2022-01-06 13:08:09,2022-01-06 13:14:09,3,7.95,18.56
2022-01-25 05:11:21,2022-01-25 05:41:21,3,2.13,7.01
2022-01-19 05:38:50,2022-01-19 06:21:50,4,1.23,4.14
2022-01-21 23:15:31,2022-01-21 23:53:31,5,3.41,12.86
2022-01-21 22:12:49,2022-01-21 22:33:49,4,1.26,6.33
2022-01-26 17:31:19,2022-01-26 17:42:19,2,2.99,6.29
2022-01-20 08:37:16,2022-01-20 09:06:16,5,0.59,-0.82
2022-01-22 10:04:58,2022-01-22 10:57:58,5,0.76,2.03
2022-01-09 08:55:31,2022-01-09 09:17:31,4,1.28,0.77
2022-01-08 03:51:21,2022-01-08 04:24:21,5,0.91,4.9
2022-01-10 18:17:43,2022-01-10 18:33:43,3,1.63,8.99
2022-01-04 20:58:51,2022-01-04 21:07:51,4,1.77,6.93
2022-01-22 10:07:45,2022-01-22 10:17:45,5,1.81,7.71
2022-01-27 18:32:53,2022-01-27 19:29:53,1,2.08,6.79
2022-01-11 16:48:49,2022-01-11 17:13:49,1,1.19,2.05
2022-01-12 23:01:05,2022-01-12 23:52:05,5,2.34,6.27
2022-01-27 16:51:58,2022-01-27 17:40:58,2,0.14,1.46
2022-01-20 14:47:33,2022-01-20 15:23:33,4,1.95,7.15
2022-01-08 19:21:36,2022-01-08 19:31:36,3,4.37,11.34
2022-01-22 11:31:10,2022-01-22 12:11:10,1,1.32,2.27
2022-01-05 13:32:58,2022-01-05 14:30:58,3,10.58,25.64
2022-01-24 15:12:04,2022-01-24 15:48:04,1,1.14,3.07
2022-01-25 06:32:13,2022-01-25 06:54:13,5,2.74,8.63
2022-01-30 09:42:42,2022-01-30 10:22:42,2,3.89,7.14
2022-01-12 00:42:52,2022-01-12 00:55:52,1,0.9,3.53
2022-01-10 20:08:27,2022-01-10 20:57:27,4,1.9,4.09
2022-01-06 16:18:23,2022-01-06 17:16:23,2,1.33,1.22
2022-01-29 02:45:49,2022-01-29 03:37:49,1,0.87,4.34
2022-01-14 10:20:01,2022-01-14 11:18:01,5,2.43,8.2
2022-01-01 16:20:48,2022-01-01 16:43:48,4,1.36,3.02
2022-01-12 02:16:51,2022-01-12 02:53:51,3,3.36,9.97
2022-01-24 03:13:09,2022-01-24 03:55:09,4,0.24,3.24
2022-01-03 09:40:50,2022-01-03 10:07:50,4,1.23,6.66
2022-01-24 08:45:13,2022-01-24 09:17:13,5,1.58,5.57
2022-01-05 16:20:36,2022-01-05 17:16:36,3,1.74,6.14
2022-01-30 19:11:59,2022-01-30 19:16:59,4,3.56,10.53
2022-01-14 01:59:22,2022-01-14 02:38:22,1,8.61,19.09
2022-01-18 01:46:42,2022-01-18 02:11:42,1,1.44,6.6
2022-01-01 04:49:46,2022-01-01 05:38:46,5,0.65,7.44
2022-01-29 02:50:03,2022-01-29 02:59:03,5,1.09,0.48
2022-01-06 01:34:46,2022-01-06 01:55:46,3,0.71,4.06
2022-01-26 23:49:15,2022-01-26 23:55:15,3,2.99,10.2
2022-01-07 10:38:06,2022-01-07 11:18:06,5,1.56,4.39
2022-01-25 02:07:07,2022-01-25 02:20:07,4,3.26,8.9
2022-01-04 17:20:51,2022-01-04 17:31:51,3,4.99,13.49
2022-01-29 12:10:55,2022-01-29 12:31:55,1,0.17,6.88
2022-01-07 19:02:16,2022-01-07 19:34:16,5,1.46,7.4
2022-01-26 12:55:38,2022-01-26 13:41:38,3,3.31,11.02
2022-01-27 20:14:19,2022-01-27 21:00:19,5,0.49,4.42
2022-01-18 12:04:08,2022-01-18 12:09:08,3,2.02,5.44
2022-01-29 16:46:49,2022-01-29 17:12:49,5,4.23,11.47
2022-01-08 11:36:18,2022-01-08 11:47:18,4,0.04,5.36
2022-01-28 10:01:16,2022-01-28 10:54:16,4,0.58,6.46
2022-01-24 05:21:00,2022-01-24 05:55:00,3,1.13,1.93
2022-01-14 04:27:05,2022-01-14 05:14:05,3,8.15,22.91
2022-01-20 13:06:05,2022-01-20 13:30:05,5,8.39,16.93
2022-01-15 12:15:12,2022-01-15 13:11:12,5,1.88,5.81
2022-01-01 13:16:39,2022-01-01 13:36:39,2,1.37,0.86
2022-01-01 19:27:57,2022-01-01 19:58:57,3,0.41,3.36
2022-01-04 14:32:39,2022-01-04 15:09:39,4,0.01,2.23
2022-01-18 00:11:47,2022-01-18 00:49:47,5,1.76,3.94
2022-01-07 17:51:47,2022-01-07 18:47:47,5,2.31,5.86
2022-01-11 10:31:36,2022-01-11 10:37:36,1,0.74,5.93
2022-01-10 20:18:40,2022-01-10 20:25:40,1,4.16,16.62
2022-01-10 01:42:27,2022-01-10 01:56:27,1,1.66,2.78
2022-01-10 08:48:41,2022-01-10 09:18:41,2,0.02,7.81
2022-01-20 01:18:15,2022-01-20 01:37:15,1,3.81,8.99
2022-01-01 20:05:57,2022-01-01 20:19:57,4,7.04,12.35
2022-01-30 20:11:51,2022-01-30 20:45:51,5,1.72,7.54
2022-01-07 21:51:49,2022-01-07 22:18:49,1,9.44,22.16
2022-01-07 11:47:48,2022-01-07 12:07:48,2,0.36,6.45
2022-01-22 04:52:24,2022-01-22 05:00:24,1,0.59,4.28
2022-01-02 09:12:57,2022-01-02 10:06:57,2,1.41,8.34
2022-01-13 13:44:20,2022-01-13 14:40:20,1,6.59,12.6
2022-01-25 18:37:45,2022-01-25 19:13:45,4,0.77,1.55
2022-01-05 14:51:18,2022-01-05 15:49:18,4,1.91,4.85
2022-01-18 07:21:50,2022-01-18 07:37:50,2,0.84,5.11
2022-01-25 20:56:48,2022-01-25 21:47:48,1,5.63,15.85
2022-01-09 19:31:46,2022-01-09 19:44:46,1,1.67,9.72
2022-01-15 18:36:59,2022-01-15 19:08:59,1,3.54,11.14
2022-01-11 15:12:00,2022-01-11 15:47:00,3,5.46,15.45
2022-01-20 11:59:28,2022-01-20 12:20:28,1,1.38,1.68
2022-01-29 02:43:58,2022-01-29 03:20:58,1,1.62,3.2
2022-01-27 00:14:15,2022-01-27 00:41:15,2,4.4,10.04
2022-01-07 09:27:24,2022-01-07 09:44:24,5,2.44,8.41
2022-01-24 16:52:14,2022-01-24 17:38:14,4,1.78,2.51
2022-01-20 01:29:43,2022-01-20 02:19:43,2,8.12,21.81
2022-01-13 03:14:32,2022-01-13 03:49:32,3,0.99,6.95
2022-01-09 10:08:07,2022-01-09 10:54:07,2,3.17,7.59
2022-01-02 04:42:38,2022-01-02 05:27:38,2,0.92,7.6
2022-01-03 11:19:18,2022-01-03 11:50:18,4,0.32,2.78
2022-01-17 17:03:55,2022-01-17 17:32:55,5,1.14,4.65
2022-01-30 05:43:51,2022-01-30 06:24:51,4,2.84,7.55
2022-01-16 06:14:29,2022-01-16 07:12:29,3,1.59,7.03
2022-01-12 17:35:39,2022-01-12 18:25:39,4,3.31,7.98
2022-01-19 02:09:42,2022-01-19 02:25:42,2,6.47,14.44
2022-01-21 16:44:32,2022-01-21 16:55:32,2,3.89,13.12
2022-01-25 19:04:54,2022-01-25 19:30:54,1,1.22,3.02
2022-01-01 07:38:12,2022-01-01 08:31:12,1,2.56,6.07
2022-01-06 09:41:44,2022-01-06 10:30:44,5,1.08,7.92
2022-01-02 01:19:36,2022-01-02 02:10:36,1,0.53,2.24
2022-01-06 15:03:02,2022-01-06 16:02:02,2,0.9,3.36
2022-01-14 20:39:04,2022-01-14 20:55:04,1,3.35,7.46
2022-01-18 23:32:39,2022-01-18 23:45:39,4,3.13,10.09
2022-01-24 17:29:46,2022-01-24 17:52:46,4,0.92,7.5
2022-01-08 22:19:07,2022-01-08 23:16:07,3,1.52,7.12
2022-01-16 20:46:38,2022-01-16 21:31:38,2,2.11,6.92
2022-01-28 16:30:58,2022-01-28 17:05:58,5,7.17,16.41
2022-01-27 21:32:09,2022-01-27 22:28:09,2,1.27,5.98
2022-01-09 03:50:45,2022-01-09 04:01:45,2,1.99,7.9
2022-01-02 06:22:33,2022-01-02 06:37:33,5,0.45,7.23
2022-01-07 23:12:53,2022-01-07 23:44:53,1,0.65,6.2
2022-01-07 18:22:38,2022-01-07 19:17:38,4,0.92,3.69
2022-01-17 14:38:03,2022-01-17 15:37:03,3,0.65,0.51
2022-01-07 00:39:01,2022-01-07 01:07:01,5,0.12,3.5
2022-01-03 15:24:03,2022-01-03 15:58:03,1,3.73,12.62
2022-01-16 05:58:07,2022-01-16 06:04:07,2,2.07,5.96
2022-01-01 16:55:15,2022-01-01 17:35:15,4,1.5,8.16
2022-01-24 21:02:33,2022-01-24 21:45:33,5,0.61,3.78
2022-01-20 07:58:07,2022-01-20 08:24:07,5,1.83,5.79
2022-01-22 04:10:16,2022-01-22 04:57:16,1,0.07,3.52
2022-01-15 19:13:09,2022-01-15 20:11:09,2,0.01,1.43
2022-01-30 19:31:05,2022-01-30 20:24:05,5,2.75,7.74
2022-01-14 23:25:00,2022-01-14 23:34:00,2,1.1,1.85
2022-01-20 18:21:42,2022-01-20 19:03:42,3,2.09,4.34
2022-01-21 02:24:02,2022-01-21 02:53:02,4,1.8,0.87
2022-01-21 18:57:14,2022-01-21 19:29:14,4,0.12,2.66
2022-01-13 13:11:59,2022-01-13 14:01:59,5,0.49,0.59
2022-01-08 14:02:31,2022-01-08 14:07:31,4,0.76,4.1
2022-01-03 15:55:47,2022-01-03 16:12:47,4,0.94,2.16
2022-01-24 06:42:33,2022-01-24 07:03:33,2,0.98,4.07
2022-01-03 13:27:36,2022-01-03 14:06:36,4,5.14,11.78
2022-01-22 20:20:08,2022-01-22 20:25:08,3,7.46,11.98
2022-01-13 09:06:34,2022-01-13 09:24:34,5,2.49,9.51
2022-01-06 02:24:40,2022-01-06 02:30:40,5,3.5,6.36
2022-01-26 13:48:47,2022-01-26 14:20:47,2,0.98,0.25
2022-01-24 15:03:47,2022-01-24 15:40:47,1,1.51,8.03
2022-01-28 06:41:58,2022-01-28 07:09:58,5,0.9,5.82
2022-01-22 05:37:56,2022-01-22 06:36:56,1,3.76,10.56
2022-01-03 14:09:47,2022-01-03 15:07:47,3,1.51,4.7
2022-01-07 06:53:11,2022-01-07 07:05:11,2,2.08,5.92
2022-01-19 09:03:58,2022-01-19 09:11:58,4,6.12,16.35
2022-01-14 00:26:07,2022-01-14 00:45:07,3,0.15,1.15
2022-01-19 13:30:06,2022-01-19 13:40:06,3,1.29,7.14
2022-01-22 06:44:51,2022-01-22 07:36:51,1,2.45,6.51
2022-01-25 00:57:54,2022-01-25 01:44:54,2,0.17,3.62
2022-01-02 06:30:31,2022-01-02 06:38:31,4,0.43,6.61
2022-01-14 07:38:31,2022-01-14 08:31:31,2,6.84,14.6
2022-01-09 06:30:12,2022-01-09 07:03:12,1,3.68,11.63
2022-01-10 21:08:57,2022-01-10 21:30:57,3,1.7,4.49
2022-01-20 15:03:38,2022-01-20 15:36:38,2,1.37,1.62
2022-01-26 03:25:04,2022-01-26 04:00:04,2,4.32,11.8
2022-01-16 12:52:42,2022-01-16 13:02:42,4,7.95,15.98
2022-01-24 16:43:57,2022-01-24 17:34:57,4,2.16,5.37
2022-01-19 16:36:40,2022-01-19 16:54:40,4,2.62,7.76
2022-01-09 20:06:33,2022-01-09 20:16:33,3,4.24,10.76
2022-01-16 12:49:28,2022-01-16 13:17:28,5,2.11,4.72
2022-01-09 09:26:24,2022-01-09 10:04:24,2,0.6,1.39
2022-01-11 19:57:16,2022-01-11 20:47:16,2,0.72,8.92
2022-01-06 16:55:46,2022-01-06 17:15:46,2,0.67,5.82
2022-01-21 15:57:48,2022-01-21 16:27:48,4,1.06,3.33
2022-01-22 11:22:40,2022-01-22 12:10:40,2,1.57,2.77
2022-01-20 18:25:39,2022-01-20 18:37:39,2,1.27,0.85
2022-01-26 19:35:47,2022-01-26 20:20:47,4,3.66,9.01
2022-01-15 06:00:29,2022-01-15 06:24:29,5,0.91,2.43
2022-01-27 19:23:40,2022-01-27 19:49:40,2,1.13,4.15
2022-01-21 01:59:30,2022-01-21 02:57:30,3,0.66,5.63
2022-01-02 10:00:05,2022-01-02 10:55:05,5,7.49,20.14
2022-01-21 04:18:38,2022-01-21 04:58:38,3,0.44,3.25
2022-01-20 14:36:59,2022-01-20 14:45:59,5,17.59,35.75
2022-01-23 05:57:53,2022-01-23 06:51:53,5,5.37,12.62
2022-01-17 21:31:33,2022-01-17 22:05:33,1,1.1,7.98
2022-01-05 20:44:41,2022-01-05 21:05:41,1,5.92,10.33
2022-01-06 06:04:44,2022-01-06 06:25:44,4,0.08,5.12
2022-01-05 01:50:25,2022-01-05 02:06:25,5,2.71,7.3
2022-01-15 06:26:54,2022-01-15 07:06:54,5,10.68,24.74
2022-01-13 06:34:41,2022-01-13 06:46:41,5,0.27,3.77
2022-01-13 05:12:08,2022-01-13 05:49:08,1,2.57,7.82
2022-01-22 00:54:48,2022-01-22 01:50:48,5,4.25,9.54
2022-01-09 17:24:20,2022-01-09 18:09:20,1,1.93,2.82
2022-01-20 17:25:36,2022-01-20 18:07:36,1,4.48,11.77
2022-01-04 05:10:34,2022-01-04 05:19:34,4,1.79,6.96
2022-01-18 02:20:59,2022-01-18 03:00:59,1,0.52,3.26
2022-01-18 14:52:56,2022-01-18 15:32:56,5,5.06,10.82
2022-01-06 03:01:12,2022-01-06 03:14:12,5,0.95,6.03
2022-01-12 13:54:58,2022-01-12 14:22:58,2,0.57,3.61
2022-01-20 03:40:31,2022-01-20 03:54:31,4,3.14,6.38
2022-01-22 15:21:26,2022-01-22 16:03:26,4,1.45,5.98
2022-01-24 05:40:59,2022-01-24 06:16:59,3,2.84,5.75
2022-01-03 23:33:27,2022-01-04 00:23:27,2,2.66,6.93
2022-01-15 02:09:14,2022-01-15 02:58:14,2,2.92,5.35
2022-01-27 06:54:20,2022-01-27 07:10:20,4,1.38,5.78
2022-01-03 04:26:37,2022-01-03 05:01:37,3,2.8,7.24
2022-01-03 08:34:16,2022-01-03 09:17:16,5,0.96,1.21
2022-01-04 18:17:49,2022-01-04 19:00:49,3,2.51,7.16
2022-01-14 04:52:02,2022-01-14 05:44:02,2,3.92,10.34
2022-01-20 05:46:55,2022-01-20 06:31:55,3,2.26,4.9
2022-01-04 23:40:55,2022-01-05 00:20:55,5,2.54,5.37
2022-01-30 06:30:09,2022-01-30 07:11:09,5,1.05,7.85
2022-01-28 04:44:45,2022-01-28 04:53:45,3,0.08,0.74
2022-01-08 04:23:35,2022-01-08 04:35:35,4,0.26,2.36
2022-01-24 05:32:47,2022-01-24 06:21:47,5,1.8,4.92
2022-01-30 07:42:43,2022-01-30 08:22:43,3,6.04,13.9
2022-01-22 22:35:21,2022-01-22 22:42:21,1,2.18,8.18
2022-01-03 08:13:46,2022-01-03 08:23:46,2,2.2,7.76
2022-01-11 04:15:47,2022-01-11 05:11:47,5,1.78,4.27
2022-01-09 12:08:51,2022-01-09 12:34:51,2,9.67,21.39
2022-01-16 04:12:06,2022-01-16 05:08:06,4,2.05,9.52
2022-01-01 19:10:27,2022-01-01 19:49:27,4,2.94,8.3
2022-01-12 12:15:45,2022-01-12 12:20:45,2,1.86,6.4
2022-01-28 04:26:35,2022-01-28 04:55:35,5,6.36,14.46
2022-01-07 14:22:18,2022-01-07 14:57:18,4,1.95,2.68
2022-01-20 03:56:28,2022-01-20 04:05:28,2,3.27,10.68
2022-01-08 16:34:04,2022-01-08 16:48:04,4,1.19,5.6
2022-01-17 02:26:41,2022-01-17 03:24:41,3,1.27,7
2022-01-18 15:55:11,2022-01-18 16:03:11,2,5.12,12
2022-01-04 20:42:48,2022-01-04 21:41:48,1,0.46,4.74
2022-01-03 23:29:44,2022-01-04 00:00:44,5,0.45,2.58
2022-01-17 04:17:31,2022-01-17 04:43:31,3,1.79,6.67
2022-01-27 03:22:44,2022-01-27 04:17:44,3,1.5,8.49
2022-01-05 19:12:57,2022-01-05 19:27:57,5,1.24,4.89
2022-01-18 12:08:56,2022-01-18 12:51:56,3,4.18,14.3
2022-01-15 05:06:19,2022-01-15 05:11:19,3,0.38,1.96
2022-01-06 04:10:17,2022-01-06 04:48:17,4,0.5,2.18
2022-01-06 20:43:21,2022-01-06 20:48:21,5,6.25,12.98
2022-01-09 09:08:29,2022-01-09 09:13:29,4,2.38,7.24
2022-01-04 04:38:40,2022-01-04 05:13:40,2,3.02,9.83
2022-01-22 01:05:33,2022-01-22 01:26:33,4,0.91,4.04
2022-01-27 08:16:48,2022-01-27 09:08:48,5,8.58,16.36
2022-01-13 09:46:26,2022-01-13 10:13:26,4,5.08,17.79
2022-01-20 23:41:47,2022-01-20 23:49:47,5,0.09,2.87
2022-01-27 23:35:44,2022-01-27 23:41:44,5,5.6,14.78
2022-01-26 15:52:52,2022-01-26 16:25:52,3,1.77,8.22
2022-01-14 09:04:07,2022-01-14 09:09:07,2,0.06,3.88
2022-01-13 01:16:05,2022-01-13 02:00:05,5,2.1,6.32
2022-01-23 04:50:28,2022-01-23 05:12:28,2,0.54,1.34
2022-01-07 06:35:50,2022-01-07 07:07:50,1,0.32,1.52
2022-01-05 23:51:58,2022-01-06 00:07:58,3,1.37,8.01
2022-01-29 00:09:55,2022-01-29 00:24:55,5,5.78,16.25
2022-01-25 06:19:23,2022-01-25 06:57:23,2,1.22,7.24
2022-01-24 04:39:34,2022-01-24 05:28:34,3,8.84,20.6
2022-01-11 13:32:49,2022-01-11 13:40:49,5,1.36,4.62
2022-01-23 13:06:04,2022-01-23 14:01:04,5,0.91,3.51
2022-01-12 14:08:52,2022-01-12 14:17:52,2,8.5,18.31
2022-01-30 11:38:55,2022-01-30 12:02:55,4,4.1,10.78
2022-01-26 05:20:25,2022-01-26 06:02:25,5,8.24,20.96
2022-01-03 18:51:25,2022-01-03 19:18:25,2,7.09,18.05
2022-01-04 05:11:18,2022-01-04 05:23:18,3,0.32,2.64
2022-01-25 22:05:43,2022-01-25 22:15:43,4,1.18,2.95
2022-01-18 10:13:59,2022-01-18 10:47:59,3,1.55,5.11
2022-01-25 11:24:25,2022-01-25 11:38:25,4,8.85,24.95
2022-01-15 16:25:39,2022-01-15 16:34:39,5,0.84,5.44
2022-01-09 20:26:39,2022-01-09 20:58:39,3,1.37,2.96
2022-01-13 00:24:47,2022-01-13 00:36:47,1,0.12,3.15
2022-01-21 04:29:09,2022-01-21 05:02:09,3,3.31,9.52
2022-01-15 16:40:22,2022-01-15 17:00:22,4,2.38,6.37
2022-01-18 04:50:48,2022-01-18 05:49:48,2,0.1,1.5
2022-01-21 01:54:43,2022-01-21 02:22:43,3,3,7.67
2022-01-23 13:46:38,2022-01-23 14:28:38,5,0.84,0.75
2022-01-14 10:26:13,2022-01-14 10:39:13,4,2.24,9.03
2022-01-03 15:41:11,2022-01-03 16:07:11,1,0.06,2.78
2022-01-19 10:51:04,2022-01-19 10:56:04,4,4.08,10.77
2022-01-30 10:51:08,2022-01-30 11:06:08,3,2.23,10.1
2022-01-29 08:05:50,2022-01-29 08:20:50,4,9.64,20.65
2022-01-17 05:49:44,2022-01-17 06:43:44,1,2.08,7.43
2022-01-14 21:29:53,2022-01-14 22:28:53,3,4.06,10
2022-01-22 20:32:09,2022-01-22 21:17:09,1,0.51,3.64
2022-01-29 02:48:24,2022-01-29 03:21:24,1,0.64,-0.06
2022-01-04 07:43:13,2022-01-04 08:02:13,1,0.47,5.97
2022-01-24 23:39:58,2022-01-25 00:14:58,5,1.94,5.17
2022-01-04 09:13:03,2022-01-04 09:23:03,3,8.64,18.37
2022-01-18 09:27:47,2022-01-18 10:24:47,4,0.58,4.07
2022-01-14 23:03:53,2022-01-14 23:39:53,2,1.87,7.22
2022-01-26 04:25:36,2022-01-26 04:32:36,5,1.18,4.21
2022-01-03 23:28:06,2022-01-03 23:43:06,3,4.68,14.13
2022-01-17 21:13:42,2022-01-17 21:26:42,3,2.77,10.56
2022-01-13 20:44:31,2022-01-13 21:19:31,5,1.18,6.24
2022-01-07 09:37:35,2022-01-07 09:58:35,2,0.43,4.87
2022-01-20 09:37:52,2022-01-20 09:49:52,2,0.12,7.12
2022-01-05 20:24:30,2022-01-05 20:36:30,2,0.36,5.8
2022-01-06 04:02:29,2022-01-06 04:32:29,3,3.53,9.15
2022-01-11 22:23:55,2022-01-11 22:31:55,2,7.03,14.49
2022-01-09 04:52:18,2022-01-09 05:21:18,1,0.48,6.6
2022-01-22 10:18:14,2022-01-22 10:37:14,4,1.76,6.72
2022-01-20 00:24:58,2022-01-20 01:06:58,5,4.48,9.77
2022-01-29 05:19:15,2022-01-29 05:49:15,5,5.91,15.08
2022-01-21 13:59:51,2022-01-21 14:54:51,4,0.55,1.78
2022-01-22 22:50:35,2022-01-22 23:38:35,2,4.16,9.03
2022-01-22 03:23:53,2022-01-22 03:53:53,2,1.93,6.8
2022-01-24 05:29:23,2022-01-24 05:38:23,5,4.29,13.72
2022-01-12 23:06:59,2022-01-12 23:37:59,3,0.65,4.79
2022-01-13 03:14:55,2022-01-13 03:23:55,3,0.1,2.48
2022-01-11 09:42:02,2022-01-11 10:32:02,5,2.28,8.42
2022-01-26 06:42:19,2022-01-26 07:12:19,4,4.62,11.39
2022-01-11 04:03:47,2022-01-11 04:26:47,5,2.63,7.98
2022-01-27 11:04:47,2022-01-27 11:52:47,3,2.54,8.06
2022-01-24 15:24:06,2022-01-24 15:39:06,4,5.69,11.92
2022-01-06 15:12:53,2022-01-06 15:47:53,2,0.13,4.4
2022-01-20 22:27:23,2022-01-20 23:24:23,3,1.91,7.28
2022-01-26 09:24:25,2022-01-26 09:51:25,2,1.49,3.4
2022-01-19 00:42:21,2022-01-19 01:38:21,1,2.66,8.17
2022-01-17 05:39:07,2022-01-17 06:01:07,4,1.64,5.82
2022-01-18 15:21:50,2022-01-18 15:38:50,3,1.1,8.54
2022-01-20 21:47:04,2022-01-20 22:01:04,4,9.54,24.2
2022-01-08 16:49:40,2022-01-08 17:03:40,5,0.98,6.94
2022-01-14 16:37:22,2022-01-14 16:44:22,2,1.6,6.47
2022-01-09 19:26:54,2022-01-09 19:33:54,5,5.98,12.81
2022-01-21 00:05:16,2022-01-21 00:25:16,2,0.99,0.12
2022-01-14 21:49:19,2022-01-14 22:15:19,2,0.37,4.65
2022-01-14 07:48:22,2022-01-14 08:24:22,4,2.51,10.52
2022-01-14 06:10:14,2022-01-14 06:49:14,5,9.87,22.69
2022-01-15 01:44:38,2022-01-15 02:24:38,5,4.56,13.9
2022-01-12 13:05:23,2022-01-12 13:25:23,4,0.77,1.64
2022-01-30 15:43:28,2022-01-30 15:59:28,1,2.59,10.14
2022-01-18 01:50:52,2022-01-18 02:32:52,3,4.44,10.61
2022-01-12 16:10:24,2022-01-12 16:38:24,2,1.4,7.47
2022-01-02 12:14:35,2022-01-02 12:33:35,5,5.16,14.06
2022-01-27 00:29:02,2022-01-27 00:35:02,2,6.39,14.17
2022-01-10 10:30:24,2022-01-10 10:35:24,2,1.42,5.69
2022-01-22 12:00:03,2022-01-22 12:51:03,5,2.49,8.13
2022-01-09 20:11:44,2022-01-09 21:09:44,5,0.25,2.23
2022-01-15 06:20:18,2022-01-15 06:26:18,2,5.08,10.92
2022-01-22 00:02:21,2022-01-22 00:58:21,1,0.7,3.75
2022-01-13 01:16:47,2022-01-13 01:52:47,5,1.67,2.4
2022-01-26 08:02:03,2022-01-26 08:13:03,4,0.62,1.2
2022-01-07 07:33:03,2022-01-07 07:53:03,5,1.76,3.54
2022-01-19 03:27:09,2022-01-19 04:08:09,5,0.23,8.13
2022-01-03 09:06:38,2022-01-03 09:23:38,2,2.84,4.58
2022-01-08 21:19:35,2022-01-08 22:12:35,5,0.56,2.66
2022-01-04 08:13:32,2022-01-04 09:04:32,5,2.19,4.13
2022-01-07 05:53:08,2022-01-07 06:28:08,4,3.48,10.05
2022-01-20 14:57:58,2022-01-20 15:13:58,2,0.99,5.15
2022-01-22 04:16:26,2022-01-22 04:44:26,1,0.57,1.85
2022-01-04 19:22:22,2022-01-04 20:07:22,1,4.34,13.91
2022-01-10 22:24:09,2022-01-10 22:58:09,5,1.18,6.1
2022-01-05 16:02:24,2022-01-05 16:52:24,3,4.27,9.25
2022-01-19 14:28:46,2022-01-19 15:24:46,5,2.29,7.71
2022-01-25 00:31:17,2022-01-25 00:55:17,2,5.03,13.66
2022-01-28 18:32:40,2022-01-28 18:53:40,2,0.01,2
2022-01-27 21:24:52,2022-01-27 22:12:52,2,1.54,6.23
2022-01-16 08:18:32,2022-01-16 09:11:32,1,3.25,13.22
2022-01-01 07:44:51,2022-01-01 08:00:51,4,1.15,3.93
2022-01-12 15:03:06,2022-01-12 15:36:06,3,6.88,17.93
2022-01-24 04:59:26,2022-01-24 05:54:26,4,5.38,14.22
2022-01-28 13:41:02,2022-01-28 13:58:02,3,0.21,-0.58
2022-01-06 23:02:48,2022-01-06 23:27:48,5,7.91,18.4
2022-01-17 10:57:30,2022-01-17 11:56:30,3,1.19,4.69
2022-01-24 05:12:47,2022-01-24 06:03:47,2,1.4,4.95
2022-01-23 23:30:15,2022-01-24 00:03:15,5,5.3,13.68
2022-01-28 00:34:29,2022-01-28 01:11:29,1,0.19,0.99
2022-01-01 08:22:42,2022-01-01 09:18:42,1,1.65,8
2022-01-26 15:20:34,2022-01-26 15:40:34,4,2.17,3.69
2022-01-23 16:50:30,2022-01-23 16:55:30,1,0.61,2.61
2022-01-27 22:35:29,2022-01-27 22:54:29,4,2.58,5.52
2022-01-11 20:48:19,2022-01-11 21:20:19,3,1.13,3.7
2022-01-17 06:07:12,2022-01-17 06:42:12,3,3.39,10.72
2022-01-20 07:33:24,2022-01-20 08:12:24,2,3.29,9.63
2022-01-15 17:16:47,2022-01-15 18:08:47,1,6.73,12.63
2022-01-19 14:41:16,2022-01-19 15:13:16,1,3.26,7.05
2022-01-28 20:38:31,2022-01-28 21:34:31,1,2.97,10.63
2022-01-06 18:04:09,2022-01-06 18:39:09,2,5.37,10.44
2022-01-24 21:16:14,2022-01-24 21:31:14,2,1.79,4.22
2022-01-27 21:00:02,2022-01-27 21:58:02,2,1.42,7.1
2022-01-22 00:16:12,2022-01-22 00:44:12,5,0.89,5.57
2022-01-25 01:20:14,2022-01-25 01:45:14,3,0.25,0.21
2022-01-22 23:05:38,2022-01-22 23:24:38,5,0.25,1.68
2022-01-14 04:58:32,2022-01-14 05:25:32,1,1.33,4.65
2022-01-19 22:42:24,2022-01-19 23:23:24,5,0.1,3.01
2022-01-06 13:26:45,2022-01-06 14:06:45,2,1.1,4.15
2022-01-03 22:01:48,2022-01-03 22:27:48,2,0.97,2.51
2022-01-06 18:04:39,2022-01-06 18:32:39,5,0.84,3.48
2022-01-16 21:17:01,2022-01-16 21:32:01,4,7.09,19.53
2022-01-27 23:48:50,2022-01-28 00:34:50,4,3.8,6.93
2022-01-09 00:32:59,2022-01-09 01:17:59,2,0.19,2.56
2022-01-09 22:08:42,2022-01-09 22:18:42,5,1.22,2.2
2022-01-07 16:25:19,2022-01-07 16:42:19,2,0.44,1.16
2022-01-05 14:04:43,2022-01-05 14:38:43,3,0.49,5.34
2022-01-13 06:19:52,2022-01-13 06:35:52,5,12.79,29.65
2022-01-23 20:51:19,2022-01-23 21:09:19,5,2.29,7.1
2022-01-22 15:48:19,2022-01-22 16:39:19,2,2,6.3
2022-01-08 16:24:11,2022-01-08 16:30:11,1,0.77,5.4
2022-01-23 00:28:57,2022-01-23 01:22:57,5,1.01,7.13
2022-01-25 20:47:59,2022-01-25 20:58:59,4,0.9,3.73
2022-01-14 23:29:13,2022-01-14 23:37:13,2,1.46,4.72
2022-01-23 00:15:38,2022-01-23 01:09:38,2,2.06,8.39
2022-01-06 02:52:36,2022-01-06 03:47:36,1,0.41,2.99
2022-01-17 09:31:32,2022-01-17 10:11:32,5,0.63,2.18
2022-01-14 13:06:50,2022-01-14 13:25:50,3,3.64,9.55
2022-01-01 14:23:00,2022-01-01 14:41:00,2,2.9,10.05
2022-01-07 03:34:38,2022-01-07 04:15:38,4,4.73,13.7
2022-01-12 20:36:24,2022-01-12 21:04:24,3,2.45,5.97
2022-01-21 03:58:36,2022-01-21 04:09:36,3,1.5,7.23
2022-01-29 13:23:21,2022-01-29 14:19:21,5,1.17,5.37
2022-01-30 09:05:51,2022-01-30 09:26:51,1,0.89,3.88
2022-01-19 20:44:28,2022-01-19 21:38:28,5,1.51,5.7
2022-01-22 02:36:28,2022-01-22 03:33:28,3,3.14,4.45
2022-01-16 10:29:55,2022-01-16 10:55:55,5,0.56,0.46
2022-01-09 23:33:46,2022-01-10 00:01:46,1,6.41,18.17
2022-01-22 17:03:00,2022-01-22 17:23:00,1,1.03,6.06
2022-01-10 05:10:24,2022-01-10 05:45:24,1,4.75,10.77
2022-01-25 11:16:05,2022-01-25 11:34:05,1,2.32,8.58
2022-01-10 13:24:59,2022-01-10 14:08:59,3,1.44,7.01
2022-01-12 20:24:45,2022-01-12 21:10:45,4,4.19,6.27
2022-01-02 03:31:51,2022-01-02 03:39:51,5,2.76,5.98
2022-01-04 10:08:33,2022-01-04 10:50:33,3,1.7,3.35
2022-01-23 21:56:33,2022-01-23 22:24:33,5,1.63,6.46
2022-01-05 11:38:31,2022-01-05 11:57:31,4,0.36,2.99
2022-01-17 06:01:10,2022-01-17 06:46:10,3,0.8,3.39
2022-01-05 13:43:16,2022-01-05 14:41:16,4,1.94,6.09
2022-01-19 14:49:36,2022-01-19 15:23:36,3,0.12,5.17
2022-01-12 23:34:04,2022-01-13 00:26:04,1,4.35,11.76
2022-01-09 01:03:12,2022-01-09 01:51:12,4,3.91,12.24
2022-01-04 21:35:06,2022-01-04 21:50:06,3,8.16,17.73
2022-01-09 03:00:14,2022-01-09 03:17:14,1,0.46,3.68
2022-01-08 10:17:34,2022-01-08 10:40:34,1,1.21,3.32
2022-01-28 13:32:36,2022-01-28 14:12:36,2,9.47,19.55
2022-01-10 13:43:52,2022-01-10 14:10:52,5,9.25,20.02
2022-01-02 23:09:36,2022-01-02 23:55:36,3,1.25,5.02
2022-01-19 17:05:05,2022-01-19 17:31:05,5,3.79,10.08
2022-01-04 22:01:01,2022-01-04 22:54:01,4,1.58,3.8
2022-01-23 19:40:58,2022-01-23 19:51:58,2,4.19,10.9
2022-01-01 05:23:39,2022-01-01 05:36:39,3,0.3,3.47
2022-01-21 00:21:15,2022-01-21 00:44:15,2,4.91,14.88
2022-01-13 06:00:21,2022-01-13 06:10:21,1,0.53,2.33
2022-01-14 05:15:34,2022-01-14 05:25:34,5,0.69,3.22
2022-01-16 10:28:45,2022-01-16 11:08:45,2,0.03,4.75
2022-01-14 07:45:14,2022-01-14 08:32:14,2,0.5,4.97
2022-01-06 02:58:40,2022-01-06 03:03:40,5,3.34,7.07
2022-01-06 15:24:27,2022-01-06 15:59:27,1,2.66,9.43
2022-01-11 11:32:34,2022-01-11 12:03:34,4,0.19,6.22
2022-01-19 04:05:17,2022-01-19 04:41:17,5,2.85,7.68
2022-01-13 00:26:10,2022-01-13 00:49:10,2,0.51,2.14
2022-01-05 08:32:25,2022-01-05 09:07:25,1,4.75,10.55
2022-01-13 23:57:59,2022-01-14 00:34:59,1,2.09,8.25
2022-01-24 21:21:41,2022-01-24 21:33:41,5,0.92,1.88
2022-01-13 10:23:05,2022-01-13 10:32:05,1,5.65,12.2
2022-01-01 17:30:29,2022-01-01 17:50:29,2,1.94,5.18
2022-01-27 10:00:54,2022-01-27 10:56:54,2,1.18,3.73
2022-01-19 00:04:16,2022-01-19 00:55:16,1,1.06,5.79
2022-01-22 13:41:13,2022-01-22 13:50:13,4,0.39,5.04
2022-01-06 17:22:52,2022-01-06 18:17:52,1,3.26,6.32
2022-01-20 04:08:08,2022-01-20 04:42:08,5,0.32,0.49
2022-01-19 06:53:29,2022-01-19 07:37:29,1,3.6,7.61
2022-01-05 01:03:43,2022-01-05 01:33:43,4,0.94,5.7
2022-01-06 08:36:06,2022-01-06 09:18:06,3,1.1,6.46
2022-01-03 02:59:34,2022-01-03 03:12:34,5,0.2,4.15
2022-01-21 19:27:50,2022-01-21 20:05:50,1,6.73,22.15
2022-01-15 17:58:55,2022-01-15 18:57:55,5,0.28,5.06
2022-01-21 14:02:02,2022-01-21 14:20:02,3,1.08,3.19
2022-01-24 10:20:12,2022-01-24 11:04:12,4,1.12,5.92
2022-01-09 22:25:28,2022-01-09 23:16:28,5,0.34,5.84
2022-01-19 03:50:00,2022-01-19 04:29:00,5,1.49,4.78
2022-01-04 16:54:06,2022-01-04 17:47:06,3,0.14,2.24
2022-01-29 18:35:33,2022-01-29 18:46:33,5,0.19,3.83
2022-01-08 08:41:19,2022-01-08 09:19:19,2,0.8,7.17
2022-01-03 19:26:42,2022-01-03 19:50:42,5,3.72,8.88
2022-01-12 05:58:59,2022-01-12 06:43:59,3,2.15,8.67
2022-01-16 23:22:06,2022-01-16 23:29:06,3,0.59,2.4
2022-01-01 16:13:00,2022-01-01 16:21:00,3,1.08,6.28
2022-01-14 13:14:03,2022-01-14 14:13:03,1,1.13,9.14
2022-01-23 01:15:33,2022-01-23 01:47:33,2,0.03,-0.31
2022-01-17 07:23:06,2022-01-17 07:41:06,2,2.9,4.33
2022-01-07 04:07:18,2022-01-07 04:13:18,1,1.64,9.22
2022-01-13 11:57:17,2022-01-13 12:31:17,1,1.97,4.8
2022-01-24 22:53:09,2022-01-24 23:04:09,3,1.06,2.73
2022-01-10 22:53:00,2022-01-10 23:49:00,4,1.75,6.76
2022-01-29 09:30:52,2022-01-29 10:22:52,3,0.32,1.72
2022-01-08 18:38:44,2022-01-08 19:34:44,1,1.64,4.82
2022-01-03 09:00:47,2022-01-03 09:21:47,3,3.07,8.27
2022-01-19 16:38:26,2022-01-19 16:43:26,3,10.78,23.5
2022-01-03 02:23:11,2022-01-03 02:54:11,2,0.59,3.29
2022-01-20 03:40:03,2022-01-20 04:13:03,1,0.16,3.02
2022-01-19 16:35:51,2022-01-19 17:21:51,4,1.3,-2.04
2022-01-22 01:34:28,2022-01-22 02:19:28,2,1.11,0.1
2022-01-20 14:40:28,2022-01-20 15:04:28,3,0.19,2.25
2022-01-01 05:59:26,2022-01-01 06:54:26,2,2.67,6.07
2022-01-21 16:00:35,2022-01-21 16:32:35,1,3.29,8.33
2022-01-19 08:26:31,2022-01-19 09:08:31,4,1.18,5.44
2022-01-30 22:00:09,2022-01-30 22:29:09,5,0.36,2.96
2022-01-23 16:08:23,2022-01-23 17:02:23,3,2.52,7.31
2022-01-22 15:55:23,2022-01-22 16:31:23,5,1.46,6.75
2022-01-29 08:24:28,2022-01-29 08:33:28,5,3.21,10.34
2022-01-15 11:25:12,2022-01-15 11:40:12,2,0.28,7.15
2022-01-18 14:17:32,2022-01-18 14:26:32,4,3.9,10.65
2022-01-22 15:07:38,2022-01-22 15:53:38,2,2.55,5.57
2022-01-23 23:52:30,2022-01-24 00:02:30,4,3.7,10.34
2022-01-30 05:30:47,2022-01-30 06:19:47,4,2.76,5.34
2022-01-15 21:54:23,2022-01-15 22:25:23,4,0.97,4.49
2022-01-29 05:38:30,2022-01-29 05:58:30,1,0.97,-0.8
2022-01-04 05:39:31,2022-01-04 05:44:31,3,2.95,7.98
2022-01-06 09:52:20,2022-01-06 09:57:20,3,1.2,4.48
2022-01-24 17:01:57,2022-01-24 17:28:57,4,0.36,2.54
2022-01-03 04:01:37,2022-01-03 04:53:37,3,1.03,5.53
2022-01-21 00:59:49,2022-01-21 01:04:49,5,0.6,-1.11
2022-01-04 13:13:15,2022-01-04 13:35:15,2,4.13,10.38
2022-01-26 08:26:06,2022-01-26 08:57:06,5,0.17,-0.73
2022-01-16 18:51:51,2022-01-16 19:25:51,4,0.04,4.67
2022-01-15 22:04:18,2022-01-15 22:12:18,1,3.69,11.44
2022-01-02 08:15:58,2022-01-02 09:03:58,5,3.07,7.85
2022-01-18 06:26:43,2022-01-18 07:17:43,4,0.22,2.6
2022-01-05 23:47:00,2022-01-06 00:01:00,1,3.48,9.64
2022-01-12 22:15:43,2022-01-12 22:45:43,3,0.66,6.54
2022-01-06 13:23:20,2022-01-06 13:46:20,1,0.35,3.79
2022-01-05 07:03:51,2022-01-05 07:28:51,1,0.21,0.73
2022-01-19 14:10:49,2022-01-19 14:40:49,2,1.18,6.17
2022-01-02 23:36:59,2022-01-03 00:20:59,5,0.39,5.04
2022-01-28 20:06:01,2022-01-28 20:34:01,5,2.06,7.85
2022-01-28 22:38:54,2022-01-28 22:44:54,2,1.05,3.88
2022-01-20 06:17:45,2022-01-20 07:06:45,1,0.66,3.51
2022-01-30 21:16:43,2022-01-30 21:40:43,4,3.56,11.25
2022-01-28 07:16:06,2022-01-28 07:24:06,2,1.11,6.05
2022-01-25 08:31:38,2022-01-25 09:21:38,1,2.15,5.06
2022-01-19 23:35:38,2022-01-20 00:17:38,4,4.4,16.17
2022-01-28 21:21:31,2022-01-28 22:16:31,2,1.53,9.6
2022-01-20 16:38:08,2022-01-20 17:03:08,1,1.48,4.37
2022-01-26 19:22:53,2022-01-26 20:11:53,2,1.77,3.54
2022-01-23 15:22:50,2022-01-23 15:57:50,2,3.1,8.88
2022-01-06 21:27:29,2022-01-06 21:37:29,4,0.84,3.44
2022-01-23 19:26:42,2022-01-23 20:01:42,2,0.05,3.77
2022-01-24 10:39:58,2022-01-24 10:55:58,3,2.54,8.81
2022-01-20 20:43:05,2022-01-20 20:48:05,4,2.39,7.33
2022-01-26 12:50:21,2022-01-26 13:43:21,3,3.8,9.35
2022-01-08 07:50:15,2022-01-08 08:05:15,4,2.49,6.47
2022-01-04 18:40:22,2022-01-04 19:04:22,2,1.45,6.59
2022-01-21 04:19:34,2022-01-21 05:01:34,5,3.63,11.78
2022-01-18 02:22:49,2022-01-18 02:40:49,2,0.26,0.86
2022-01-01 19:45:50,2022-01-01 20:05:50,1,1.12,4.1
2022-01-23 05:41:52,2022-01-23 06:00:52,3,1.85,8.62
2022-01-06 17:24:55,2022-01-06 18:18:55,2,5.24,12.77
2022-01-26 13:20:25,2022-01-26 14:09:25,5,0.57,2.74
2022-01-23 11:48:59,2022-01-23 12:12:59,3,4.58,10.36
2022-01-20 10:33:35,2022-01-20 11:29:35,2,2.39,11.2
2022-01-22 11:08:34,2022-01-22 11:15:34,4,2.94,4.88
2022-01-26 12:07:08,2022-01-26 13:06:08,4,12.04,25.2
2022-01-21 18:13:31,2022-01-21 19:08:31,3,1.79,4.83
2022-01-03 08:57:24,2022-01-03 09:48:24,5,2.25,6.59
2022-01-18 13:30:21,2022-01-18 13:45:21,2,0.48,2.86
2022-01-03 10:08:00,2022-01-03 10:15:00,3,1.33,5.54
2022-01-07 05:58:04,2022-01-07 06:43:04,1,8.08,14.02
2022-01-27 11:39:43,2022-01-27 11:49:43,1,7.25,16.09
2022-01-20 18:40:09,2022-01-20 19:26:09,3,2.28,6.06
2022-01-20 13:14:25,2022-01-20 13:19:25,2,0.21,3.62
2022-01-11 13:26:16,2022-01-11 13:48:16,4,0.21,6.15
2022-01-24 02:39:40,2022-01-24 03:20:40,1,2.47,7.45
2022-01-02 22:01:11,2022-01-02 22:35:11,2,2.91,6.85
2022-01-12 19:27:00,2022-01-12 20:22:00,1,0.22,1.99
2022-01-16 05:16:37,2022-01-16 06:04:37,3,0.18,3.77
2022-01-26 02:47:32,2022-01-26 03:07:32,3,3.61,8.92
2022-01-07 07:27:22,2022-01-07 08:26:22,3,1.26,2.75
2022-01-06 18:54:30,2022-01-06 19:27:30,4,0.27,1.71
2022-01-30 04:41:01,2022-01-30 04:50:01,1,0.07,2.84
2022-01-20 18:10:51,2022-01-20 18:29:51,2,0.39,5.02
2022-01-16 19:54:29,2022-01-16 20:25:29,5,0.39,3.04
2022-01-08 21:43:29,2022-01-08 22:31:29,3,4.47,11.06
2022-01-04 23:49:06,2022-01-05 00:27:06,4,1.76,6.87
2022-01-06 09:49:28,2022-01-06 10:01:28,2,10.33,25.29
2022-01-24 15:11:53,2022-01-24 15:53:53,4,0.09,-0.4
2022-01-27 01:31:18,2022-01-27 01:54:18,1,9.57,21.14
2022-01-09 11:15:38,2022-01-09 12:04:38,2,2.22,4.83
2022-01-25 05:46:49,2022-01-25 06:07:49,4,2.19,6.16
2022-01-09 18:56:49,2022-01-09 19:06:49,4,3.93,9.1
2022-01-26 01:03:37,2022-01-26 01:13:37,5,2.11,8.2
2022-01-11 09:37:18,2022-01-11 10:14:18,5,1.42,5.43
2022-01-25 16:21:09,2022-01-25 16:35:09,3,1,0.59
2022-01-19 08:16:28,2022-01-19 08:46:28,2,1.89,2.44
2022-01-03 02:39:28,2022-01-03 03:16:28,5,0.97,4.52
2022-01-21 23:46:57,2022-01-21 23:55:57,1,4.29,9.76
2022-01-27 21:02:15,2022-01-27 21:57:15,5,0.52,6.04
2022-01-22 17:45:30,2022-01-22 18:32:30,3,5.48,12.94
2022-01-04 11:23:09,2022-01-04 12:16:09,4,2.26,8.31
2022-01-17 07:10:40,2022-01-17 08:07:40,4,0.19,3.03
2022-01-12 16:14:22,2022-01-12 16:30:22,4,0.02,0.58
2022-01-07 06:52:11,2022-01-07 07:20:11,5,0.52,4.62
2022-01-10 20:04:53,2022-01-10 20:42:53,4,1.19,5.44
2022-01-28 13:10:50,2022-01-28 13:41:50,3,8.73,22.44
2022-01-03 03:40:38,2022-01-03 04:23:38,2,2.53,8.21
2022-01-16 21:34:04,2022-01-16 22:04:04,1,3.5,6.36
2022-01-22 08:12:16,2022-01-22 09:10:16,5,3.47,9.92
2022-01-26 03:19:15,2022-01-26 03:56:15,2,0.09,3.54
2022-01-03 10:59:37,2022-01-03 11:30:37,1,5.89,14.02
2022-01-13 11:23:00,2022-01-13 12:09:00,5,1.4,5.01
2022-01-16 18:14:49,2022-01-16 18:33:49,4,6.8,14.66
2022-01-07 16:03:14,2022-01-07 16:58:14,1,5.99,18.4
2022-01-25 05:31:06,2022-01-25 06:25:06,3,2.74,5.83
2022-01-03 18:43:11,2022-01-03 19:34:11,1,1.65,2.94
2022-01-28 00:30:34,2022-01-28 01:16:34,1,2.88,10.41
2022-01-19 22:40:33,2022-01-19 23:22:33,5,0.02,5.98
2022-01-01 04:22:18,2022-01-01 04:46:18,5,1.36,4.83
2022-01-28 10:00:26,2022-01-28 10:46:26,4,0.93,4.51
2022-01-04 13:54:52,2022-01-04 14:44:52,3,5.09,11.86
2022-01-05 08:12:39,2022-01-05 08:40:39,2,0.34,1.83
2022-01-09 08:47:23,2022-01-09 09:39:23,2,10.68,24.03
2022-01-26 02:07:35,2022-01-26 02:42:35,2,0.77,3.86
2022-01-09 09:03:55,2022-01-09 09:39:55,1,2.59,5.41
2022-01-24 03:04:25,2022-01-24 03:16:25,2,1.05,0.48
2022-01-25 08:01:49,2022-01-25 08:28:49,4,0.2,2.12
2022-01-10 22:39:39,2022-01-10 22:56:39,3,0.95,3.24
2022-01-29 19:14:40,2022-01-29 19:30:40,1,1.7,6.8
2022-01-13 04:06:21,2022-01-13 04:36:21,2,6.4,15.44
2022-01-03 21:34:04,2022-01-03 21:51:04,2,0.72,2.6
2022-01-09 00:22:45,2022-01-09 01:15:45,5,4.14,11.47
2022-01-11 13:11:55,2022-01-11 13:38:55,3,0.97,4.27
2022-01-17 23:38:57,2022-01-18 00:36:57,3,1.16,5.84
2022-01-01 17:41:08,2022-01-01 18:35:08,2,0.99,3.35
2022-01-02 09:22:28,2022-01-02 10:20:28,2,1.28,2.35
2022-01-07 19:36:56,2022-01-07 19:41:56,1,2.74,8.51
2022-01-12 08:22:14,2022-01-12 09:07:14,2,4.27,10.56
2022-01-12 04:58:00,2022-01-12 05:04:00,3,0.34,-1.88
2022-01-07 12:40:47,2022-01-07 12:58:47,3,5.66,16.31
2022-01-14 13:06:48,2022-01-14 13:19:48,5,0.8,2.32
2022-01-06 13:08:25,2022-01-06 13:41:25,1,0.86,3.49
2022-01-26 19:13:27,2022-01-26 20:07:27,3,1.07,1.7
2022-01-26 06:28:26,2022-01-26 06:37:26,3,1.21,8.87
2022-01-28 20:46:50,2022-01-28 21:04:50,5,0.32,3.64
2022-01-27 11:05:12,2022-01-27 11:57:12,1,0,4.16
2022-01-01 09:27:26,2022-01-01 09:49:26,4,3.48,12.53
2022-01-09 02:46:43,2022-01-09 03:38:43,1,0.14,3.37
2022-01-10 14:44:12,2022-01-10 15:20:12,4,0.42,0.06
2022-01-30 20:39:47,2022-01-30 21:18:47,2,3.83,10.25
2022-01-29 20:13:06,2022-01-29 20:56:06,3,1.41,7.08
2022-01-18 12:40:17,2022-01-18 13:05:17,3,0.45,1.08
2022-01-08 11:55:43,2022-01-08 12:20:43,4,5.57,13.76
2022-01-14 13:37:56,2022-01-14 13:51:56,5,5.22,14.61
2022-01-25 08:54:47,2022-01-25 09:37:47,5,1.69,7.05
2022-01-17 03:20:20,2022-01-17 03:28:20,5,2.43,10.34
2022-01-27 22:00:37,2022-01-27 22:29:37,1,1.89,9.15
2022-01-26 13:30:26,2022-01-26 14:12:26,2,0.57,3.13
2022-01-10 17:15:41,2022-01-10 18:04:41,5,3.48,4.82
2022-01-02 19:27:26,2022-01-02 19:46:26,2,1.46,4.94
2022-01-23 22:34:25,2022-01-23 22:45:25,1,0.8,2.88
2022-01-03 03:57:24,2022-01-03 04:47:24,1,3.83,10.71
2022-01-17 04:31:06,2022-01-17 04:55:06,3,0.01,0.14
2022-01-10 12:32:53,2022-01-10 13:26:53,1,0.98,6.69
2022-01-15 01:39:15,2022-01-15 02:20:15,2,0.36,5.19
2022-01-26 03:00:57,2022-01-26 03:28:57,4,4.14,11.02
2022-01-06 15:05:53,2022-01-06 15:34:53,5,8.33,19.95
2022-01-27 21:17:08,2022-01-27 22:07:08,2,1.15,1.8
2022-01-26 05:12:43,2022-01-26 05:31:43,5,19.32,37.95
2022-01-22 23:15:48,2022-01-22 23:35:48,4,1.54,5.02
2022-01-19 11:16:14,2022-01-19 11:46:14,5,2.5,5.77
2022-01-17 01:50:07,2022-01-17 02:11:07,1,0.15,0.79
2022-01-20 09:28:23,2022-01-20 10:10:23,5,3.96,13.15
2022-01-29 04:32:51,2022-01-29 04:59:51,3,5.01,7.81
2022-01-07 21:39:40,2022-01-07 22:20:40,2,0.4,6.14
2022-01-18 14:54:24,2022-01-18 15:52:24,4,7.21,19.29
2022-01-02 08:43:44,2022-01-02 08:56:44,5,3.23,10.04
2022-01-19 06:24:38,2022-01-19 06:31:38,5,0.75,2.72
2022-01-09 15:31:43,2022-01-09 16:24:43,5,2.65,5.76
2022-01-05 02:07:26,2022-01-05 02:56:26,4,0.63,3.65
2022-01-21 13:11:00,2022-01-21 13:30:00,1,1.86,7.4
2022-01-08 00:22:14,2022-01-08 00:43:14,2,2.7,1.84
2022-01-11 07:03:42,2022-01-11 07:34:42,1,0.41,4.93
2022-01-04 00:36:36,2022-01-04 01:26:36,5,3.55,6.93
2022-01-21 23:47:41,2022-01-21 23:56:41,5,3.04,4.68
2022-01-27 15:09:00,2022-01-27 15:42:00,3,1.98,6.53
2022-01-30 11:28:01,2022-01-30 12:08:01,3,3.79,10.73
2022-01-30 09:18:15,2022-01-30 10:01:15,1,0.61,2.76
2022-01-28 07:38:15,2022-01-28 08:00:15,1,2,6.85
2022-01-21 09:43:28,2022-01-21 10:08:28,5,2.03,6.78
2022-01-13 11:45:38,2022-01-13 11:52:38,5,0.61,2.19
2022-01-07 17:56:44,2022-01-07 18:07:44,4,1.15,2.72
2022-01-21 08:50:46,2022-01-21 09:16:46,1,7.72,17.48
2022-01-24 18:34:54,2022-01-24 19:02:54,5,0.93,5.99
2022-01-29 19:48:30,2022-01-29 20:35:30,2,0.16,6.09
2022-01-13 12:58:51,2022-01-13 13:52:51,2,2.7,9.07
2022-01-24 09:27:25,2022-01-24 10:00:25,3,0.42,4.31
2022-01-09 18:45:42,2022-01-09 18:56:42,1,3.09,4.97
2022-01-28 11:06:50,2022-01-28 11:46:50,3,2.06,6.25
2022-01-25 16:13:51,2022-01-25 16:36:51,4,1.32,8.54
2022-01-16 22:43:28,2022-01-16 23:19:28,3,4.44,9.68
2022-01-24 13:21:56,2022-01-24 13:42:56,5,1.98,6.45
2022-01-27 05:31:16,2022-01-27 06:22:16,4,5.16,11.06
2022-01-27 01:38:49,2022-01-27 01:54:49,5,3.98,10.35
2022-01-05 15:26:46,2022-01-05 15:57:46,1,3.82,7.61
2022-01-10 06:42:52,2022-01-10 06:48:52,1,0.84,6.75
2022-01-08 19:50:07,2022-01-08 20:30:07,5,0.04,1.56
2022-01-04 03:19:12,2022-01-04 03:54:12,5,3.83,9.1
2022-01-17 00:01:25,2022-01-17 00:07:25,1,4.6,15.49
2022-01-25 14:05:33,2022-01-25 14:18:33,2,0.17,3.54
2022-01-23 04:35:45,2022-01-23 05:02:45,2,0.27,0.89
2022-01-22 17:54:01,2022-01-22 18:44:01,4,2.87,8.29
2022-01-27 19:44:29,2022-01-27 20:18:29,5,2.76,10.63
2022-01-15 09:13:20,2022-01-15 09:42:20,4,1.17,4.48
2022-01-14 02:25:10,2022-01-14 03:15:10,4,3.13,11.07
2022-01-11 19:46:44,2022-01-11 20:25:44,3,1.33,3.78
2022-01-23 10:48:22,2022-01-23 11:19:22,2,3.69,9.97
2022-01-24 17:38:37,2022-01-24 17:54:37,4,1.81,4.6
2022-01-08 03:01:47,2022-01-08 03:33:47,1,1.3,6.77
2022-01-09 16:05:14,2022-01-09 16:47:14,3,0.87,7.23
2022-01-26 12:58:13,2022-01-26 13:31:13,2,0.97,6.32
2022-01-02 00:22:02,2022-01-02 00:37:02,3,8.91,17.96
2022-01-15 22:45:08,2022-01-15 23:32:08,5,3.81,10.19
2022-01-27 11:29:56,2022-01-27 11:47:56,2,0.42,1.02
2022-01-02 04:27:12,2022-01-02 04:46:12,3,0.47,4.38
2022-01-27 05:13:23,2022-01-27 06:04:23,4,0.13,2.5
2022-01-16 18:09:23,2022-01-16 18:40:23,4,2.23,4.67
2022-01-20 18:24:56,2022-01-20 18:41:56,5,2.39,7.82
2022-01-08 10:27:34,2022-01-08 11:04:34,1,0.02,-0.38
2022-01-02 15:52:21,2022-01-02 16:40:21,1,1.04,2.36
2022-01-21 09:52:01,2022-01-21 10:03:01,5,3.48,12.39
2022-01-20 06:41:51,2022-01-20 06:47:51,1,0.43,5.67
2022-01-25 10:36:38,2022-01-25 11:03:38,3,0.57,2.46
2022-01-21 04:54:29,2022-01-21 05:48:29,3,1.95,6.71
2022-01-20 15:29:07,2022-01-20 15:57:07,1,4.22,13.75
2022-01-09 06:53:14,2022-01-09 07:11:14,3,1.26,0.53
2022-01-21 22:30:59,2022-01-21 23:17:59,5,12.54,25.13
2022-01-18 10:30:40,2022-01-18 11:10:40,5,1.62,8.05
2022-01-25 21:39:02,2022-01-25 21:59:02,5,1.04,6.32
2022-01-14 05:08:32,2022-01-14 05:46:32,4,1.85,3.66
2022-01-02 05:15:17,2022-01-02 05:48:17,4,1.34,5.61
2022-01-23 20:56:37,2022-01-23 21:20:37,4,0.45,3.32
2022-01-14 03:29:17,2022-01-14 03:34:17,4,4.96,9.89
2022-01-21 23:36:46,2022-01-22 00:21:46,4,1.44,6.6
2022-01-04 15:59:59,2022-01-04 16:53:59,1,4.34,12.56
2022-01-22 05:25:53,2022-01-22 06:20:53,5,0.68,4.41
2022-01-04 15:10:30,2022-01-04 15:22:30,2,2.22,7.28
2022-01-01 10:08:28,2022-01-01 10:17:28,2,1.63,6.4
2022-01-07 20:55:32,2022-01-07 21:42:32,3,0.57,5.84
2022-01-12 23:19:22,2022-01-12 23:49:22,4,4.2,9.82
2022-01-21 01:23:30,2022-01-21 02:09:30,2,4.43,9.02
2022-01-03 07:23:37,2022-01-03 08:14:37,3,3.68,7.6
2022-01-26 07:47:29,2022-01-26 08:32:29,1,2.36,3.8
2022-01-10 17:46:01,2022-01-10 18:33:01,5,0.33,3.05
2022-01-20 05:20:00,2022-01-20 05:42:00,4,0.51,2.39
2022-01-29 10:27:19,2022-01-29 10:56:19,1,0.27,6.67
2022-01-17 10:52:30,2022-01-17 11:09:30,1,4.95,12.93
2022-01-09 20:32:06,2022-01-09 20:47:06,1,2.11,7.54
2022-01-24 11:19:19,2022-01-24 11:32:19,1,3.74,12.55
2022-01-03 09:28:02,2022-01-03 10:11:02,1,4.31,12.17
2022-01-13 01:01:29,2022-01-13 01:20:29,5,4.6,11.67
2022-01-11 21:05:10,2022-01-11 21:15:10,2,2.28,6.26
2022-01-30 13:02:36,2022-01-30 13:57:36,4,0.37,1.45
2022-01-19 08:04:41,2022-01-19 08:27:41,2,0.27,6.52
2022-01-10 04:35:52,2022-01-10 04:52:52,3,0.18,3.35
2022-01-23 06:06:58,2022-01-23 06:28:58,2,6.12,14.45
2022-01-23 07:40:17,2022-01-23 08:37:17,2,1.93,4.23
2022-01-21 03:28:27,2022-01-21 04:22:27,5,5.3,11.44
2022-01-11 08:40:39,2022-01-11 08:50:39,1,0.24,-0.97
2022-01-29 09:49:45,2022-01-29 10:33:45,1,1.87,6.78
2022-01-01 13:48:54,2022-01-01 14:27:54,3,0.06,5.04
2022-01-02 00:35:31,2022-01-02 01:07:31,3,3.48,8.38
2022-01-25 10:07:43,2022-01-25 10:38:43,5,1.96,8.2
2022-01-20 18:47:53,2022-01-20 19:35:53,2,1.43,9.31
2022-01-08 22:06:57,2022-01-08 22:25:57,4,1.35,1.16
2022-01-08 16:57:56,2022-01-08 17:52:56,3,1.09,4.62
2022-01-21 03:01:29,2022-01-21 03:40:29,3,1.12,6.6
2022-01-04 23:20:53,2022-01-04 23:52:53,5,0.61,2.31
2022-01-09 09:14:56,2022-01-09 09:42:56,5,2.31,11.9
2022-01-16 15:21:55,2022-01-16 16:07:55,4,5.1,14.52
2022-01-25 19:34:44,2022-01-25 20:22:44,4,0.72,4.8
2022-01-23 15:33:14,2022-01-23 16:23:14,5,0.2,2.57
2022-01-19 01:48:04,2022-01-19 02:22:04,5,3.97,11.12
2022-01-29 22:29:55,2022-01-29 22:45:55,3,1.32,2.81
2022-01-30 22:14:59,2022-01-30 22:51:59,4,4.72,14.79
2022-01-18 11:00:38,2022-01-18 11:33:38,3,1.13,4.45
2022-01-02 13:26:33,2022-01-02 13:34:33,5,8.03,18.32
2022-01-23 14:19:40,2022-01-23 14:57:40,4,0.48,2.34
2022-01-07 07:54:32,2022-01-07 08:08:32,4,4.63,14.11
2022-01-13 10:04:43,2022-01-13 10:53:43,5,1.22,8.63
2022-01-27 16:59:15,2022-01-27 17:44:15,5,5.96,11.58
2022-01-04 02:45:16,2022-01-04 03:25:16,4,5.62,13.73
2022-01-26 01:31:32,2022-01-26 01:54:32,2,0.29,1.5
2022-01-26 05:26:29,2022-01-26 05:51:29,2,0.17,4.26
2022-01-03 01:28:36,2022-01-03 02:05:36,4,0.71,4.59
2022-01-02 07:07:00,2022-01-02 07:20:00,3,0.92,2.04
2022-01-27 13:37:00,2022-01-27 14:34:00,2,3.16,9.77
2022-01-28 10:23:30,2022-01-28 10:56:30,4,3.13,10.43
2022-01-21 17:32:02,2022-01-21 18:29:02,1,0.49,2.96
2022-01-28 14:54:05,2022-01-28 15:15:05,2,0.56,6.63
2022-01-30 11:45:54,2022-01-30 12:24:54,2,0.6,3.43
2022-01-21 20:41:32,2022-01-21 21:39:32,4,4.54,7.62
2022-01-05 03:14:04,2022-01-05 04:06:04,1,0.08,4.57
2022-01-15 23:43:03,2022-01-16 00:25:03,3,0.21,-0.51
2022-01-04 10:51:11,2022-01-04 11:34:11,1,0.96,5.44
2022-01-17 10:53:45,2022-01-17 11:18:45,4,3.9,11.51
2022-01-05 02:58:06,2022-01-05 03:22:06,4,4.59,13.13
2022-01-27 03:59:46,2022-01-27 04:54:46,4,0.19,5.9
2022-01-03 15:54:26,2022-01-03 16:40:26,5,0.34,5.14
2022-01-25 12:32:42,2022-01-25 13:18:42,2,0.32,1.62
2022-01-14 20:06:03,2022-01-14 20:55:03,5,3.67,8.65
2022-01-06 17:46:14,2022-01-06 18:42:14,4,0.86,-0.51
2022-01-26 00:19:01,2022-01-26 00:33:01,5,0.82,4.1
2022-01-22 01:34:20,2022-01-22 02:31:20,4,0.51,3.99
2022-01-27 20:04:34,2022-01-27 20:35:34,4,1.65,9.66
2022-01-07 17:54:50,2022-01-07 18:33:50,3,3.8,12.61
2022-01-20 00:25:50,2022-01-20 00:40:50,4,0.48,8.75
2022-01-18 16:57:25,2022-01-18 17:14:25,4,5.45,12.5
2022-01-16 17:23:34,2022-01-16 17:32:34,1,4.02,9.2
2022-01-08 10:58:36,2022-01-08 11:26:36,1,2.97,6.25
2022-01-01 15:24:20,2022-01-01 15:33:20,3,7.26,15.59
2022-01-19 12:05:57,2022-01-19 12:12:57,2,2.36,8.2
2022-01-15 12:01:51,2022-01-15 12:54:51,3,0.98,4.47
2022-01-14 22:18:42,2022-01-14 22:44:42,3,6.82,16.08
2022-01-22 20:52:47,2022-01-22 21:13:47,5,1.37,4.76
2022-01-01 23:29:45,2022-01-01 23:55:45,4,0.42,4.79
2022-01-07 11:42:39,2022-01-07 12:09:39,1,1.15,3.41
2022-01-14 02:44:33,2022-01-14 03:30:33,5,3.64,10.31
2022-01-17 00:45:27,2022-01-17 01:11:27,2,1.7,8.32
2022-01-10 15:07:09,2022-01-10 15:37:09,1,1.87,7.28
2022-01-18 05:33:33,2022-01-18 06:01:33,3,1.45,4.47
2022-01-15 05:15:00,2022-01-15 05:57:00,5,1.35,8.21
2022-01-03 10:57:28,2022-01-03 11:15:28,3,0.09,6.65
2022-01-29 02:54:18,2022-01-29 03:29:18,2,0.03,0.09
2022-01-21 01:01:54,2022-01-21 01:08:54,3,0.73,6.11
2022-01-23 19:55:14,2022-01-23 20:29:14,5,0.9,2.81
2022-01-02 11:25:28,2022-01-02 12:20:28,3,4.3,11.6
2022-01-06 06:42:56,2022-01-06 07:02:56,1,0.8,6.93
2022-01-17 19:25:14,2022-01-17 19:41:14,4,1.16,4.22
2022-01-09 08:42:05,2022-01-09 09:14:05,2,6.96,13.61
2022-01-20 17:28:55,2022-01-20 17:47:55,4,1.91,8.29
2022-01-13 05:34:43,2022-01-13 06:14:43,1,3.16,6.76
2022-01-07 05:36:17,2022-01-07 06:04:17,4,2.5,4.3
2022-01-30 04:02:56,2022-01-30 05:01:56,5,0.62,3.71
2022-01-19 16:29:32,2022-01-19 17:01:32,4,1.12,6.12
2022-01-30 10:22:41,2022-01-30 10:31:41,1,3.37,8.64
2022-01-18 01:59:32,2022-01-18 02:15:32,3,1.61,3.21
2022-01-11 19:06:00,2022-01-11 19:56:00,5,0.58,2.71
2022-01-11 18:05:27,2022-01-11 19:02:27,2,0.2,5.74
2022-01-16 22:21:37,2022-01-16 23:07:37,2,0.28,3.76
2022-01-08 03:14:56,2022-01-08 03:43:56,1,1.11,0.85
2022-01-19 19:15:10,2022-01-19 19:27:10,5,7.89,18.93
2022-01-21 18:47:48,2022-01-21 19:03:48,1,1.8,5.34
2022-01-10 02:20:24,2022-01-10 02:45:24,1,2.91,8.57
2022-01-01 11:15:21,2022-01-01 11:47:21,4,0.4,2.51
2022-01-24 23:28:23,2022-01-24 23:34:23,4,0.04,4.63
2022-01-30 08:13:13,2022-01-30 08:35:13,3,2.25,3.99
2022-01-24 00:48:04,2022-01-24 01:25:04,4,2,5.06
2022-01-30 10:11:53,2022-01-30 10:29:53,5,0.03,7.15
2022-01-18 22:43:13,2022-01-18 23:19:13,4,0.64,3.62
2022-01-19 02:48:01,2022-01-19 03:44:01,2,0.11,5.03
2022-01-20 06:51:00,2022-01-20 07:42:00,2,1.02,5.48
2022-01-11 03:36:02,2022-01-11 04:05:02,5,0.28,4.64
2022-01-12 17:14:04,2022-01-12 17:49:04,2,10.22,23.81
2022-01-11 19:34:37,2022-01-11 20:18:37,3,4.82,7.99
2022-01-14 23:51:05,2022-01-15 00:41:05,2,2.26,3.68
2022-01-19 04:04:27,2022-01-19 04:18:27,2,7.84,17.91
2022-01-17 01:34:11,2022-01-17 02:23:11,4,4.67,11.09
2022-01-26 21:47:49,2022-01-26 22:24:49,1,0.93,4.5
2022-01-25 04:33:18,2022-01-25 05:20:18,3,0.54,4.63
2022-01-30 05:46:57,2022-01-30 06:10:57,4,1.84,4.35
2022-01-19 13:05:38,2022-01-19 13:50:38,3,3.53,11.73
2022-01-06 03:06:09,2022-01-06 03:43:09,1,3.9,8.2
2022-01-03 15:37:02,2022-01-03 15:47:02,4,0.84,5.08
2022-01-25 10:10:25,2022-01-25 10:34:25,3,2.4,11.42
2022-01-13 14:16:24,2022-01-13 15:12:24,3,2.39,5.52
2022-01-01 07:05:24,2022-01-01 07:55:24,2,3.07,8.45
2022-01-09 17:55:05,2022-01-09 18:52:05,1,1.45,0.86
2022-01-06 04:50:33,2022-01-06 05:07:33,3,4.4,12.47
2022-01-13 00:12:07,2022-01-13 00:25:07,4,7.87,15.75
2022-01-16 07:20:04,2022-01-16 07:39:04,3,1.8,6.01
2022-01-29 02:51:15,2022-01-29 03:15:15,1,0.18,6.88
2022-01-10 10:51:40,2022-01-10 11:29:40,4,10.58,24.03
2022-01-05 14:53:16,2022-01-05 15:52:16,3,5.26,15.46
2022-01-11 14:45:05,2022-01-11 14:56:05,4,10.18,25.35
2022-01-26 21:08:46,2022-01-26 21:50:46,4,1.63,4.49
2022-01-18 08:19:31,2022-01-18 08:27:31,5,7.91,20.84
2022-01-09 15:58:55,2022-01-09 16:46:55,2,2.64,7.51
2022-01-01 12:31:20,2022-01-01 13:08:20,1,0.07,3.9